,Unnamed: 0,date,city,PM2.5,PM10,SO2,CO,NO2,O3,HUM,PRES,WSPD,TEMP,ACTV,MORB%,Case,log(Case+1),log(MORB%+1),elapsed
40,40,2020-03-02,上海,22.0,19.0,4.666666666666667,0.6999999999999998,26.0,79.33333333333333,90.33333333333331,1019.6666666666665,0.1,10.166666666666666,3.0966000000000005,9.75781955236954e-19,0.0,0.0,0.0,40
41,41,2020-03-03,上海,20.666666666666668,24.66666666666667,4.666666666666667,0.6666666666666666,23.33333333333333,85.66666666666667,81.0,1022.3333333333335,0.1,9.166666666666666,3.7595333333333336,0.00041183800000000004,1.0,0.6931471805599453,0.0004117532180077,41
42,42,2020-03-04,上海,25.0,32.0,5.0,0.6666666666666665,23.0,90.66666666666669,70.66666666666667,1024.6666666666667,0.1,9.166666666666666,4.477100000000001,0.00041183800000000004,1.0,0.6931471805599453,0.0004117532180077,42
43,43,2020-03-05,上海,24.33333333333333,32.666666666666664,5.0,0.5666666666666665,23.66666666666667,91.66666666666669,61.33333333333334,1026.0,0.3666666666666667,9.0,4.500333333333334,0.0008236760000000001,2.0,1.0986122886681098,0.0008233369650806,43
44,44,2020-03-06,上海,24.33333333333333,32.333333333333336,5.0,0.5333333333333331,21.33333333333333,102.33333333333331,61.33333333333334,1026.0,0.3666666666666667,9.166666666666666,4.548300000000001,0.0016473520000000001,4.0,1.6094379124341005,0.0016459966040327,44
45,45,2020-03-07,上海,34.666666666666664,35.333333333333336,5.333333333333333,0.5666666666666663,26.33333333333333,106.33333333333331,70.33333333333333,1023.3333333333335,0.6333333333333333,9.833333333333334,4.053766666666668,0.0016473520000000001,4.0,1.6094379124341005,0.0016459966040327,45
46,46,2020-03-08,上海,33.333333333333336,31.66666666666667,5.0,0.5333333333333329,27.33333333333333,108.66666666666669,80.66666666666667,1019.6666666666665,0.6333333333333333,11.166666666666664,3.464166666666668,0.0012355139999999998,3.0,1.3862943611198906,0.0012347513806645,46
47,47,2020-03-09,上海,30.0,23.33333333333333,4.666666666666667,0.5666666666666663,31.33333333333333,98.0,88.66666666666669,1015.3333333333335,0.8999999999999999,12.666666666666664,3.544266666666668,6.505213034913028e-19,0.0,0.0,0.0,47
48,48,2020-03-10,上海,20.0,18.666666666666668,4.333333333333333,0.5666666666666662,28.66666666666667,94.66666666666669,90.66666666666669,1013.6666666666665,0.8999999999999999,12.5,4.205333333333335,0.0008236760000000001,2.0,1.0986122886681098,0.0008233369650806,48
49,49,2020-03-11,上海,35.0,33.333333333333336,5.0,0.6999999999999996,37.66666666666666,96.66666666666669,82.66666666666667,1015.0,0.6333333333333333,11.5,4.963300000000001,0.0008236760000000001,2.0,1.0986122886681098,0.0008233369650806,49
50,50,2020-03-12,上海,47.66666666666666,47.0,5.666666666666668,0.733333333333333,36.333333333333336,106.0,80.33333333333333,1018.3333333333335,0.3666666666666667,11.166666666666664,5.032866666666668,0.0008236760000000001,2.0,1.0986122886681098,0.0008233369650806,50
51,51,2020-03-13,上海,45.33333333333334,45.33333333333334,5.333333333333333,0.6999999999999996,37.333333333333336,102.0,80.33333333333333,1021.0,0.1,11.666666666666664,5.065133333333335,0.0008236760000000001,2.0,1.0986122886681098,0.0008233369650806,51
52,52,2020-03-14,上海,32.666666666666664,39.66666666666666,5.333333333333333,0.633333333333333,31.33333333333333,94.0,83.33333333333333,1021.6666666666665,0.1,11.833333333333336,4.538933333333335,0.003294703,8.0,2.19722457733622,0.0032892873580983,52
53,53,2020-03-15,上海,30.66666666666667,48.0,6.0,0.633333333333333,40.0,93.66666666666669,79.66666666666667,1021.0,0.1,11.333333333333336,3.923866666666669,0.003706541,9.0,2.302585092994046,0.0036996887038988,53
54,54,2020-03-16,上海,28.0,52.0,6.666666666666668,0.5999999999999995,37.66666666666666,95.0,62.33333333333334,1021.6666666666665,0.1,11.833333333333336,4.059133333333335,0.003706541,9.0,2.302585092994046,0.0036996887038988,54
55,55,2020-03-17,上海,30.0,56.0,8.0,0.5999999999999995,43.33333333333334,109.33333333333331,54.33333333333334,1021.3333333333335,0.3666666666666667,13.0,4.736533333333335,0.0024710279999999,6.0,1.9459101490553128,0.0024679800303579,55
56,56,2020-03-18,上海,32.333333333333336,56.33333333333334,9.333333333333334,0.5999999999999994,43.66666666666666,127.66666666666669,54.66666666666666,1020.3333333333335,0.3666666666666667,15.166666666666664,5.515333333333333,0.0032947039999999,8.0,2.19722457733622,0.0032892883548145,56
57,57,2020-03-19,上海,38.66666666666666,69.33333333333333,10.333333333333334,0.5999999999999993,48.0,128.33333333333334,62.66666666666666,1017.3333333333335,0.3666666666666667,16.5,5.542600000000001,0.0032947039999999,8.0,2.19722457733622,0.0032892883548145,57
58,58,2020-03-20,上海,33.333333333333336,70.33333333333333,10.666666666666666,0.5333333333333327,43.0,123.33333333333331,57.0,1016.3333333333335,0.1,17.0,5.593100000000002,0.0053538929999999,13.0,2.6390573296152584,0.0053396118653064,58
59,59,2020-03-21,上海,28.0,67.0,11.0,0.5333333333333327,38.66666666666666,114.0,56.33333333333334,1015.0,0.3666666666666667,16.333333333333332,5.056033333333336,0.0078249199999999,19.0,2.9957322735539913,0.0077944640870487,59
60,60,2020-03-22,上海,29.33333333333333,53.66666666666666,10.0,0.5666666666666661,35.333333333333336,118.33333333333331,65.33333333333333,1014.3333333333335,0.3666666666666667,16.666666666666668,4.384266666666669,0.0127669739999999,31.0,3.4657359027997265,0.0126861632663078,60
61,61,2020-03-23,上海,29.0,43.0,8.333333333333334,0.5666666666666661,35.0,111.0,71.0,1014.3333333333335,0.6333333333333333,16.666666666666668,4.445400000000002,0.01359065,33.0,3.5263605246161616,0.0134991254360738,61
62,62,2020-03-24,上海,25.33333333333333,34.0,6.0,0.4666666666666659,33.333333333333336,100.33333333333331,71.0,1017.0,0.6333333333333333,16.166666666666668,5.076500000000001,0.014002488,34.0,3.5553480614894135,0.0139053588148964,62
118,118,2020-03-02,北京,44.0,35.0,2.333333333333333,0.8333333333333327,26.33333333333333,56.0,73.66666666666667,1018.6666666666665,1.3999999999999986,3.1666666666666665,2.2282333333333315,0.0018573560000000001,4.0,1.6094379124341005,0.0018556332471915,40
119,119,2020-03-03,北京,20.0,23.0,2.333333333333333,0.5333333333333327,18.666666666666668,73.33333333333333,77.66666666666667,1019.6666666666665,1.3999999999999986,3.1666666666666665,2.668299999999998,0.001393017,3.0,1.3862943611198906,0.0013920476519267,41
120,120,2020-03-04,北京,16.666666666666668,21.33333333333333,2.333333333333333,0.3333333333333326,15.666666666666664,73.33333333333333,54.33333333333334,1022.6666666666665,2.466666666666665,3.333333333333333,3.102033333333331,0.001857355,4.0,1.6094379124341005,0.0018556322490456,42
121,121,2020-03-05,北京,21.0,28.33333333333333,2.6666666666666665,0.3333333333333326,15.666666666666664,78.66666666666667,49.66666666666666,1023.6666666666665,2.966666666666665,3.0,3.0796333333333314,0.001857355,4.0,1.6094379124341005,0.0018556322490456,43
122,122,2020-03-06,北京,44.66666666666666,47.66666666666666,3.333333333333333,0.4999999999999993,26.0,75.0,36.333333333333336,1022.3333333333335,2.966666666666665,2.833333333333333,3.1174999999999984,0.00371471,8.0,2.19722457733622,0.0037078275038602,44
123,123,2020-03-07,北京,62.33333333333334,57.33333333333334,3.6666666666666665,0.6666666666666661,29.33333333333333,79.33333333333333,53.0,1017.0,1.8999999999999984,3.8333333333333335,2.7731333333333312,0.004179049000000001,9.0,2.302585092994046,0.0041703410269949,45
124,124,2020-03-08,北京,82.0,61.66666666666666,3.333333333333333,0.8333333333333327,29.66666666666667,66.66666666666667,67.66666666666667,1012.3333333333335,1.8999999999999984,5.666666666666668,2.364299999999998,0.004643388,10.0,2.3978952727983707,0.0046326407302613,46
125,125,2020-03-09,北京,70.66666666666667,46.0,2.6666666666666665,0.7999999999999995,24.33333333333333,67.33333333333333,75.5,1011.5,1.649999999999998,6.166666666666668,2.4408333333333307,0.002786033,6.0,1.9459101490553128,0.0027821592034102,47
126,126,2020-03-10,北京,52.66666666666666,41.0,2.333333333333333,0.6666666666666662,22.66666666666667,63.33333333333334,79.0,1014.5,1.649999999999998,6.0,2.873866666666665,0.001393017,3.0,1.3862943611198906,0.0013920476519267,48
127,127,2020-03-11,北京,30.0,37.66666666666666,2.6666666666666665,0.4999999999999994,27.66666666666667,68.66666666666667,63.0,1016.0,0.499999999999998,4.5,3.3901333333333312,0.003250372,7.0,2.0794415416798357,0.0032451009597369,49
128,128,2020-03-12,北京,19.0,39.333333333333336,3.0,0.3999999999999994,27.0,72.66666666666667,60.33333333333334,1012.6666666666665,0.633333333333332,5.666666666666668,3.3943333333333308,0.003250372,7.0,2.0794415416798357,0.0032451009597369,50
129,129,2020-03-13,北京,19.33333333333333,37.0,3.333333333333333,0.3999999999999994,26.66666666666667,73.33333333333333,46.0,1015.3333333333335,1.1333333333333315,6.0,3.4370666666666643,0.003250372,7.0,2.0794415416798357,0.0032451009597369,51
130,130,2020-03-14,北京,12.333333333333336,32.333333333333336,2.6666666666666665,0.3333333333333327,16.0,82.0,44.0,1016.0,1.8999999999999984,6.666666666666668,3.0470999999999973,0.0009286780000000001,2.0,1.0986122886681098,0.0009282470453775,52
131,131,2020-03-15,北京,8.666666666666666,31.0,2.333333333333333,0.266666666666666,12.333333333333336,85.0,31.0,1017.6666666666665,2.3999999999999986,7.0,2.655166666666664,0.003250372,7.0,2.0794415416798357,0.0032451009597369,53
132,132,2020-03-16,北京,13.666666666666664,47.0,2.333333333333333,0.2999999999999994,15.333333333333336,84.33333333333333,36.0,1016.6666666666665,2.3999999999999986,8.0,2.7209333333333308,0.007429420999999999,16.0,2.8332133440562166,0.0074019587868183,54
133,133,2020-03-17,北京,21.0,55.0,2.6666666666666665,0.36666666666666603,22.33333333333333,88.0,45.0,1015.0,1.8999999999999984,8.666666666666666,3.2002666666666633,0.008822436999999999,19.0,2.9957322735539913,0.0087837466980037,55
134,134,2020-03-18,北京,30.66666666666667,86.33333333333331,3.333333333333333,0.4333333333333327,30.0,86.33333333333331,49.0,1012.6666666666665,1.8999999999999984,9.833333333333334,3.6909333333333305,0.012537147,27.0,3.332204510175204,0.0124592077206161,56
135,135,2020-03-19,北京,24.66666666666667,78.0,3.0,0.3666666666666661,25.66666666666667,90.33333333333331,37.0,1008.0,1.8999999999999984,12.0,3.6803666666666635,0.013001486000000001,28.0,3.3672958299864737,0.0129176921953816,57
136,136,2020-03-20,北京,24.33333333333333,81.0,3.333333333333333,0.3333333333333327,27.0,83.66666666666667,22.66666666666667,1006.0,2.3999999999999986,13.0,3.7227999999999972,0.016251858,35.0,3.58351893845611,0.0161212101684948,58
137,137,2020-03-21,北京,21.33333333333333,70.0,4.666666666666667,0.3666666666666661,23.0,86.33333333333331,25.33333333333333,1006.0,1.8999999999999984,13.833333333333336,3.3408666666666633,0.016251858,35.0,3.58351893845611,0.0161212101684948,59
138,138,2020-03-22,北京,28.66666666666667,79.33333333333333,5.333333333333333,0.4333333333333327,28.33333333333333,94.33333333333331,30.66666666666667,1008.3333333333335,1.8999999999999984,12.0,2.9329333333333305,0.015787519,34.0,3.5553480614894135,0.0156641924420298,60
139,139,2020-03-23,北京,28.33333333333333,74.33333333333333,5.333333333333333,0.46666666666666606,26.33333333333333,99.0,38.0,1010.6666666666665,1.1333333333333315,13.166666666666664,2.9885666666666633,0.021359583999999997,46.0,3.8501476017100575,0.0211346652298049,61
140,140,2020-03-24,北京,36.333333333333336,65.66666666666667,6.666666666666668,0.5999999999999993,31.66666666666667,100.66666666666669,37.333333333333336,1014.6666666666665,1.1333333333333315,12.666666666666664,3.457366666666663,0.025074294,54.0,4.007333185232471,0.0247650919149012,62
196,196,2020-03-02,广州,21.33333333333333,36.66666666666666,6.0,0.6666666666666666,34.0,88.66666666666669,83.66666666666667,1010.6666666666665,0.633333333333333,21.83333333333333,2.4224,-8.023096076392733e-18,0.0,0.0,0.0,38
197,197,2020-03-03,广州,21.66666666666667,38.333333333333336,6.333333333333332,0.6999999999999998,32.333333333333336,75.33333333333333,77.66666666666667,1011.3333333333335,0.8999999999999996,21.66666666666667,2.7657666666666665,-8.023096076392733e-18,0.0,0.0,0.0,39
198,198,2020-03-04,广州,17.333333333333332,30.33333333333333,6.0,0.7666666666666665,31.66666666666667,62.66666666666666,79.0,1013.0,1.3999999999999997,20.666666666666668,3.1379999999999995,-8.023096076392733e-18,0.0,0.0,0.0,40
199,199,2020-03-05,广州,14.333333333333336,25.33333333333333,6.0,0.7999999999999998,32.666666666666664,55.0,87.33333333333331,1014.6666666666665,1.8999999999999992,18.33333333333333,3.157499999999999,0.0006533429999999,1.0,0.6931471805599453,0.0006531296643779,41
200,200,2020-03-06,广州,12.666666666666664,22.0,5.666666666666668,0.7666666666666666,32.333333333333336,56.33333333333334,90.33333333333331,1015.0,1.8999999999999992,17.5,3.1903333333333332,0.0006533429999999,1.0,0.6931471805599453,0.0006531296643779,42
201,201,2020-03-07,广州,18.33333333333333,34.0,6.0,0.7333333333333334,39.66666666666666,54.0,89.66666666666669,1014.3333333333335,1.3999999999999992,17.666666666666668,2.9986333333333324,0.0006533429999999,1.0,0.6931471805599453,0.0006531296643779,43
202,202,2020-03-08,广州,18.666666666666668,36.66666666666666,6.0,0.6666666666666666,40.0,56.33333333333334,89.33333333333331,1011.6666666666665,0.8999999999999994,19.33333333333333,2.682566666666666,-8.023096076392733e-18,0.0,0.0,0.0,44
203,203,2020-03-09,广州,16.0,33.333333333333336,6.0,0.6333333333333334,38.66666666666666,42.0,90.33333333333331,1008.0,1.3999999999999992,21.0,2.7516666666666656,-8.023096076392733e-18,0.0,0.0,0.0,45
204,204,2020-03-10,广州,12.333333333333336,25.0,6.0,0.6666666666666666,27.66666666666667,60.66666666666666,92.33333333333331,1006.0,2.466666666666665,21.166666666666668,3.0908,-8.023096076392733e-18,0.0,0.0,0.0,46
205,205,2020-03-11,广州,19.666666666666668,33.666666666666664,6.666666666666668,0.7333333333333333,31.33333333333333,67.33333333333333,79.0,1008.0,2.466666666666665,20.666666666666668,3.5095666666666663,-8.023096076392733e-18,0.0,0.0,0.0,47
206,206,2020-03-12,广州,26.66666666666667,47.0,7.333333333333332,0.8333333333333331,41.0,69.0,75.0,1011.0,1.9666666666666657,19.166666666666668,3.5372666666666657,-8.023096076392733e-18,0.0,0.0,0.0,48
207,207,2020-03-13,广州,31.33333333333333,56.66666666666666,7.333333333333332,0.8666666666666666,52.0,45.66666666666666,76.33333333333333,1012.3333333333335,0.8999999999999991,19.0,3.562766666666666,-8.023096076392733e-18,0.0,0.0,0.0,49
208,208,2020-03-14,广州,27.66666666666667,51.66666666666666,6.666666666666668,0.8666666666666666,44.0,58.33333333333334,90.0,1012.0,0.8999999999999991,19.666666666666668,3.337866666666665,-8.023096076392733e-18,0.0,0.0,0.0,50
209,209,2020-03-15,广州,28.66666666666667,50.66666666666666,6.333333333333332,0.7999999999999999,33.333333333333336,83.33333333333333,82.33333333333333,1013.0,1.3999999999999992,20.166666666666668,3.009933333333332,0.0006533429999999,1.0,0.6931471805599453,0.0006531296643779,51
210,210,2020-03-16,广州,30.0,55.33333333333334,7.0,0.7333333333333333,30.0,119.0,71.0,1014.6666666666665,1.3999999999999992,20.166666666666668,3.0700666666666656,0.0006533429999999,1.0,0.6931471805599453,0.0006531296643779,52
211,211,2020-03-17,广州,31.33333333333333,64.33333333333333,7.333333333333332,0.6999999999999998,40.66666666666666,107.0,61.33333333333334,1015.6666666666665,1.3999999999999992,20.5,3.376033333333333,0.0026133709999999,4.0,1.6094379124341005,0.0026099620838915,53
212,212,2020-03-18,广州,30.0,62.0,7.333333333333332,0.7333333333333331,49.33333333333334,88.66666666666669,70.33333333333333,1014.6666666666665,0.8999999999999994,20.666666666666668,3.7492666666666663,0.0039200559999999,6.0,1.9459101490553128,0.0039123926012511,54
213,213,2020-03-19,广州,27.0,51.33333333333334,7.333333333333332,0.7666666666666663,52.66666666666666,61.33333333333334,81.0,1013.3333333333335,0.6333333333333327,20.666666666666668,3.713133333333333,0.0071867699999999,11.0,2.4849066497880004,0.0071610682367893,55
214,214,2020-03-20,广州,27.66666666666667,45.33333333333334,7.0,0.7999999999999995,56.33333333333334,46.33333333333334,90.66666666666669,1012.0,0.3666666666666661,19.83333333333333,3.7310000000000003,0.0098001419999999,15.0,2.772588722239781,0.0097524320645737,56
215,215,2020-03-21,广州,24.0,38.66666666666666,6.666666666666668,0.7999999999999995,54.0,39.333333333333336,96.66666666666669,1011.3333333333335,0.3666666666666661,20.0,3.504066666666666,0.0078401139999999,12.0,2.5649493574615367,0.0078095400046679,57
216,216,2020-03-22,广州,24.0,41.333333333333336,6.0,0.7333333333333328,49.66666666666666,59.33333333333334,97.33333333333331,1011.0,0.6333333333333327,21.0,3.2030333333333325,0.0065334279999999,10.0,2.3978952727983707,0.0065121776674109,58
217,217,2020-03-23,广州,23.0,42.66666666666666,6.333333333333332,0.6999999999999996,43.0,91.0,94.66666666666669,1010.0,0.8999999999999994,22.83333333333333,3.248966666666666,0.0045733989999999,7.0,2.0794415416798357,0.0045629727875275,59
218,218,2020-03-24,广州,24.33333333333333,45.66666666666666,6.333333333333332,0.633333333333333,38.333333333333336,118.66666666666669,89.66666666666669,1009.6666666666665,1.3999999999999992,24.33333333333333,3.5653666666666664,0.0117601699999999,18.0,2.9444389791664403,0.0116915566136071,60
274,274,2020-03-02,成都,29.66666666666667,49.66666666666666,6.666666666666668,0.6999999999999993,30.66666666666667,84.0,67.66666666666667,957.6666666666665,0.6333333333333333,15.5,3.1375333333333324,-6.505213034913026e-18,0.0,0.0,0.0,38
275,275,2020-03-03,成都,26.66666666666667,47.33333333333334,6.333333333333332,0.5999999999999993,27.33333333333333,66.33333333333333,67.66666666666667,959.6666666666665,0.6333333333333333,14.0,3.466466666666665,-6.505213034913026e-18,0.0,0.0,0.0,39
276,276,2020-03-04,成都,21.0,37.66666666666666,5.666666666666668,0.5333333333333327,25.66666666666667,73.0,74.33333333333333,962.3333333333335,0.3666666666666667,12.333333333333336,3.888,-6.505213034913026e-18,0.0,0.0,0.0,40
277,277,2020-03-05,成都,29.66666666666667,47.66666666666666,6.333333333333332,0.5333333333333327,29.33333333333333,71.33333333333333,86.0,963.6666666666665,0.3666666666666667,12.666666666666664,3.9896999999999987,0.0006030999999999,1.0,0.6931471805599453,0.0006029182082836,41
278,278,2020-03-06,成都,39.66666666666666,57.66666666666666,6.666666666666668,0.5666666666666661,29.66666666666667,70.0,84.66666666666667,961.6666666666665,0.6333333333333333,13.5,4.042999999999998,0.0006030999999999,1.0,0.6931471805599453,0.0006029182082836,42
279,279,2020-03-07,成都,50.33333333333334,70.0,7.333333333333332,0.5999999999999993,31.0,75.66666666666667,80.0,959.0,0.8999999999999999,14.0,3.836633333333332,0.0006030999999999,1.0,0.6931471805599453,0.0006029182082836,43
280,280,2020-03-08,成都,56.66666666666666,78.33333333333333,8.666666666666666,0.6333333333333327,34.0,79.0,76.33333333333333,955.0,0.8999999999999999,14.5,3.562699999999998,-6.505213034913026e-18,0.0,0.0,0.0,44
281,281,2020-03-09,成都,48.66666666666666,81.33333333333333,8.666666666666666,0.5999999999999993,34.333333333333336,77.33333333333333,73.66666666666667,953.6666666666665,0.6333333333333333,14.833333333333336,3.633933333333332,-6.505213034913026e-18,0.0,0.0,0.0,45
282,282,2020-03-10,成都,37.333333333333336,75.33333333333333,8.0,0.5333333333333327,32.0,69.0,69.33333333333333,956.6666666666665,0.6333333333333333,13.833333333333336,3.946333333333332,-6.505213034913026e-18,0.0,0.0,0.0,46
283,283,2020-03-11,成都,28.33333333333333,70.66666666666667,6.666666666666668,0.4666666666666659,29.0,75.66666666666667,70.0,960.0,0.6333333333333333,13.333333333333336,4.3449333333333335,-6.505213034913026e-18,0.0,0.0,0.0,47
284,284,2020-03-12,成都,38.66666666666666,80.0,7.0,0.4999999999999993,32.666666666666664,81.0,65.0,961.6666666666665,0.8999999999999999,13.0,4.395066666666665,-6.505213034913026e-18,0.0,0.0,0.0,48
285,285,2020-03-13,成都,52.33333333333334,101.66666666666669,7.666666666666668,0.5999999999999992,40.333333333333336,79.66666666666667,72.0,959.6666666666665,0.6333333333333333,14.333333333333336,4.457099999999998,-6.505213034913026e-18,0.0,0.0,0.0,49
286,286,2020-03-14,成都,55.66666666666666,119.33333333333331,8.333333333333334,0.6666666666666657,51.33333333333334,65.33333333333333,69.33333333333333,962.0,0.3666666666666667,14.5,4.25753333333333,-6.505213034913026e-18,0.0,0.0,0.0,50
287,287,2020-03-15,成都,54.33333333333334,125.33333333333331,9.0,0.7333333333333324,56.0,56.66666666666666,71.33333333333333,964.0,0.1,15.0,3.97003333333333,-6.505213034913026e-18,0.0,0.0,0.0,51
288,288,2020-03-16,成都,42.66666666666666,101.0,8.333333333333334,0.699999999999999,49.0,52.33333333333334,69.66666666666667,964.3333333333335,0.8666666666666667,14.333333333333336,3.9669333333333294,-6.505213034913026e-18,0.0,0.0,0.0,52
289,289,2020-03-17,成都,35.333333333333336,73.66666666666667,7.333333333333332,0.6666666666666657,42.66666666666666,68.66666666666667,82.33333333333333,963.6666666666665,0.8666666666666667,13.166666666666664,4.2917333333333305,-6.505213034913026e-18,0.0,0.0,0.0,53
290,290,2020-03-18,成都,32.333333333333336,62.0,7.0,0.6333333333333323,47.33333333333334,81.66666666666667,78.66666666666667,962.3333333333335,0.8666666666666667,14.0,4.6917666666666635,0.0006030999999999,1.0,0.6931471805599453,0.0006029182082836,54
291,291,2020-03-19,成都,32.333333333333336,64.0,8.0,0.5999999999999989,52.33333333333334,102.0,77.0,962.0,0.1,15.333333333333336,4.797266666666664,0.0006030999999999,1.0,0.6931471805599453,0.0006029182082836,55
292,292,2020-03-20,成都,40.66666666666666,79.66666666666667,9.666666666666666,0.6333333333333321,59.66666666666666,116.0,69.0,958.3333333333335,0.1,18.166666666666668,4.8477333333333315,0.0012061999999999,2.0,1.0986122886681098,0.0012054731252254,56
293,293,2020-03-21,成都,42.66666666666666,83.0,10.666666666666666,0.6333333333333321,54.0,138.66666666666666,72.0,954.3333333333335,0.1,19.5,4.6616666666666635,0.0012061999999999,2.0,1.0986122886681098,0.0012054731252254,57
294,294,2020-03-22,成都,46.0,85.0,9.666666666666666,0.6999999999999987,53.33333333333334,134.33333333333334,65.0,952.3333333333335,0.1,20.83333333333333,4.3841666666666645,0.0018092999999999,3.0,1.3862943611198906,0.0018076651883676,58
295,295,2020-03-23,成都,47.0,88.66666666666669,9.333333333333334,0.7333333333333321,51.33333333333334,137.66666666666666,67.66666666666667,952.6666666666665,0.1,20.666666666666668,4.422433333333331,0.0012061999999999,2.0,1.0986122886681098,0.0012054731252254,59
296,296,2020-03-24,成都,55.0,100.0,8.666666666666666,0.7666666666666652,54.0,132.33333333333334,67.0,955.0,0.1,20.0,4.6953333333333305,0.0018092999999999,3.0,1.3862943611198906,0.0018076651883676,60
352,352,2020-03-02,深圳,18.666666666666668,32.0,5.0,0.633333333333333,26.0,73.33333333333333,78.0,1007.6666666666665,1.3999999999999997,22.66666666666667,2.4591333333333325,0.0007441139999999999,1.0,0.6931471805599453,0.0007438372844409,38
353,353,2020-03-03,深圳,19.666666666666668,34.0,5.0,0.6666666666666662,22.33333333333333,83.0,77.66666666666667,1008.6666666666665,1.3999999999999997,21.83333333333333,2.840866666666665,0.0007441139999999999,1.0,0.6931471805599453,0.0007438372844409,39
354,354,2020-03-04,深圳,17.0,29.33333333333333,5.0,0.6999999999999994,19.33333333333333,80.33333333333333,75.0,1010.3333333333335,1.3999999999999997,20.83333333333333,3.3504333333333327,0.0007441139999999999,1.0,0.6931471805599453,0.0007438372844409,40
355,355,2020-03-05,深圳,14.0,25.66666666666667,5.0,0.7333333333333328,20.0,71.66666666666667,80.66666666666667,1011.3333333333335,0.8999999999999999,19.33333333333333,3.379833333333332,8.239936510889834e-18,0.0,0.0,0.0,41
356,356,2020-03-06,深圳,14.666666666666664,25.33333333333333,5.0,0.6666666666666662,19.666666666666668,70.66666666666667,81.66666666666667,1011.3333333333335,1.3999999999999997,18.83333333333333,3.43,0.0007441139999999999,1.0,0.6931471805599453,0.0007438372844409,42
357,357,2020-03-07,深圳,18.0,30.66666666666667,5.0,0.5999999999999994,19.0,74.0,83.66666666666667,1010.6666666666665,1.9,18.666666666666668,3.1874333333333325,0.0007441139999999999,1.0,0.6931471805599453,0.0007438372844409,43
358,358,2020-03-08,深圳,21.33333333333333,34.0,5.0,0.4999999999999993,19.33333333333333,71.66666666666667,85.66666666666667,1008.6666666666665,1.9,20.5,2.7825666666666664,0.0007441139999999999,1.0,0.6931471805599453,0.0007438372844409,44
359,359,2020-03-09,深圳,20.33333333333333,32.0,5.0,0.5333333333333327,22.33333333333333,60.33333333333334,86.33333333333331,1005.3333333333335,1.3999999999999997,21.83333333333333,2.8744999999999994,8.239936510889834e-18,0.0,0.0,0.0,45
360,360,2020-03-10,深圳,15.333333333333336,25.0,5.0,0.6333333333333325,22.0,68.33333333333333,90.33333333333331,1003.0,0.8999999999999999,22.33333333333333,3.269133333333333,8.239936510889834e-18,0.0,0.0,0.0,46
361,361,2020-03-11,深圳,16.333333333333332,27.33333333333333,5.0,0.6999999999999993,21.33333333333333,78.66666666666667,75.66666666666667,1004.6666666666665,2.833333333333333,21.33333333333333,3.811266666666666,0.0007441139999999999,1.0,0.6931471805599453,0.0007438372844409,47
362,362,2020-03-12,深圳,20.33333333333333,38.66666666666666,5.0,0.6999999999999993,19.666666666666668,92.0,73.33333333333333,1007.0,3.333333333333333,20.33333333333333,3.841,0.0007441139999999999,1.0,0.6931471805599453,0.0007438372844409,48
363,363,2020-03-13,深圳,27.66666666666667,48.66666666666666,5.0,0.6666666666666661,22.33333333333333,76.0,73.0,1009.0,3.333333333333333,20.166666666666668,3.876466666666667,0.0007441139999999999,1.0,0.6931471805599453,0.0007438372844409,49
364,364,2020-03-14,深圳,26.0,45.66666666666666,5.333333333333333,0.6999999999999993,22.66666666666667,80.66666666666667,85.66666666666667,1008.3333333333335,1.133333333333333,20.83333333333333,3.606033333333333,8.239936510889834e-18,0.0,0.0,0.0,50
365,365,2020-03-15,深圳,26.66666666666667,42.66666666666666,5.666666666666668,0.7333333333333326,22.0,87.33333333333331,78.33333333333333,1009.6666666666665,1.133333333333333,21.5,3.1545666666666663,0.0014882279999999999,2.0,1.0986122886681098,0.0014871216862053,51
366,366,2020-03-16,深圳,24.0,43.66666666666666,6.0,0.6666666666666661,19.0,110.33333333333331,73.0,1011.0,1.6333333333333329,21.33333333333333,3.215933333333333,0.002232342,3.0,1.3862943611198906,0.0022298540265813,52
367,367,2020-03-17,深圳,27.33333333333333,54.66666666666666,6.0,0.5999999999999993,20.33333333333333,111.0,71.33333333333333,1012.6666666666665,2.4,21.0,3.579333333333333,0.002232342,3.0,1.3862943611198906,0.0022298540265813,53
368,368,2020-03-18,深圳,26.66666666666667,56.0,6.0,0.5666666666666659,26.33333333333333,96.0,79.66666666666667,1011.6666666666665,1.6333333333333329,20.666666666666668,4.098566666666667,0.002232342,3.0,1.3862943611198906,0.0022298540265813,54
369,369,2020-03-19,深圳,26.0,50.0,5.666666666666668,0.6333333333333325,33.333333333333336,71.66666666666667,84.33333333333333,1010.3333333333335,1.133333333333333,20.666666666666668,4.080333333333333,0.0029764559999999997,4.0,1.6094379124341005,0.0029720351250275,55
370,370,2020-03-20,深圳,26.66666666666667,45.0,5.333333333333333,0.6666666666666661,35.333333333333336,60.66666666666666,89.66666666666669,1009.0,0.633333333333333,20.5,4.099333333333333,0.00744114,10.0,2.3978952727983707,0.0074135912958508,56
371,371,2020-03-21,深圳,25.0,42.333333333333336,5.0,0.6666666666666661,31.66666666666667,63.66666666666666,94.0,1008.3333333333335,1.3999999999999997,21.0,3.8220666666666663,0.008185254,11.0,2.4849066497880004,0.0081519364931748,57
372,372,2020-03-22,深圳,25.33333333333333,44.66666666666666,5.333333333333333,0.6333333333333326,29.66666666666667,68.33333333333333,96.33333333333331,1008.0,1.9,21.66666666666667,3.4008666666666656,0.008929368,12.0,2.5649493574615367,0.0088897369390582,58
373,373,2020-03-23,深圳,23.33333333333333,41.66666666666666,5.666666666666668,0.5666666666666659,30.0,68.0,94.33333333333331,1007.3333333333335,1.9,22.83333333333333,3.4707666666666652,0.005208798,7.0,2.0794415416798357,0.0051952791360644,59
374,374,2020-03-24,深圳,21.66666666666667,37.0,5.666666666666668,0.5333333333333324,28.0,75.33333333333333,92.66666666666669,1007.3333333333335,1.9,23.83333333333333,3.8507333333333316,0.0029764559999999997,4.0,1.6094379124341005,0.0029720351250275,60
430,430,2020-03-02,苏州,31.0,31.0,3.6666666666666665,0.6666666666666669,18.666666666666668,68.0,89.0,1019.6666666666665,2.966666666666667,9.0,3.8387666666666656,-2.1684043449710093e-19,0.0,0.0,0.0,38
431,431,2020-03-03,苏州,30.33333333333333,35.666666666666664,4.0,0.6333333333333334,21.33333333333333,72.66666666666667,80.66666666666667,1022.3333333333335,2.966666666666667,8.5,4.275600000000002,-2.1684043449710093e-19,0.0,0.0,0.0,39
432,432,2020-03-04,苏州,30.33333333333333,40.66666666666666,4.333333333333333,0.5666666666666668,23.33333333333333,83.33333333333333,78.33333333333333,1024.6666666666667,2.466666666666667,8.666666666666666,4.856966666666668,-2.1684043449710093e-19,0.0,0.0,0.0,40
433,433,2020-03-05,苏州,29.33333333333333,41.0,4.333333333333333,0.4666666666666668,24.33333333333333,90.66666666666669,69.33333333333333,1026.0,1.9000000000000004,8.5,4.945166666666668,-2.1684043449710093e-19,0.0,0.0,0.0,41
434,434,2020-03-06,苏州,28.66666666666667,39.0,4.0,0.4333333333333335,21.33333333333333,104.0,67.33333333333333,1025.3333333333333,1.9000000000000004,8.333333333333334,5.047700000000002,-2.1684043449710093e-19,0.0,0.0,0.0,42
435,435,2020-03-07,苏州,42.333333333333336,47.0,4.333333333333333,0.5333333333333335,27.66666666666667,104.0,70.0,1022.0,2.4000000000000004,9.0,4.876933333333335,-2.1684043449710093e-19,0.0,0.0,0.0,43
436,436,2020-03-08,苏州,43.66666666666666,46.33333333333334,4.0,0.5000000000000001,27.33333333333333,102.33333333333331,77.33333333333333,1017.6666666666665,2.4000000000000004,10.833333333333336,4.513933333333335,-2.1684043449710093e-19,0.0,0.0,0.0,44
437,437,2020-03-09,苏州,38.66666666666666,38.333333333333336,3.6666666666666665,0.5333333333333335,28.0,90.0,83.66666666666667,1013.3333333333335,2.966666666666667,13.0,4.593300000000002,-2.1684043449710093e-19,0.0,0.0,0.0,45
438,438,2020-03-10,苏州,25.66666666666667,26.33333333333333,3.333333333333333,0.4666666666666668,24.0,89.66666666666669,86.66666666666669,1013.0,2.966666666666667,12.833333333333336,4.975266666666668,-2.1684043449710093e-19,0.0,0.0,0.0,46
439,439,2020-03-11,苏州,40.0,41.0,4.0,0.6000000000000002,30.33333333333333,93.33333333333331,87.33333333333331,1014.6666666666665,2.466666666666667,11.333333333333336,5.555000000000002,-2.1684043449710093e-19,0.0,0.0,0.0,47
440,440,2020-03-12,苏州,54.0,58.33333333333334,4.666666666666667,0.6000000000000002,31.33333333333333,102.33333333333331,82.0,1018.0,2.466666666666667,11.0,5.6762666666666695,-2.1684043449710093e-19,0.0,0.0,0.0,48
441,441,2020-03-13,苏州,55.66666666666666,59.66666666666666,4.333333333333333,0.5666666666666669,28.66666666666667,98.33333333333331,81.33333333333333,1019.6666666666665,2.466666666666667,11.666666666666664,5.7532666666666685,-2.1684043449710093e-19,0.0,0.0,0.0,49
442,442,2020-03-14,苏州,40.0,50.33333333333334,4.333333333333333,0.4666666666666668,24.66666666666667,92.33333333333331,79.33333333333333,1020.6666666666665,3.533333333333333,12.333333333333336,5.529166666666669,-2.1684043449710093e-19,0.0,0.0,0.0,50
443,443,2020-03-15,苏州,33.333333333333336,53.0,5.0,0.4666666666666668,27.66666666666667,99.33333333333331,77.0,1020.6666666666665,2.966666666666667,11.833333333333336,5.120166666666671,-2.1684043449710093e-19,0.0,0.0,0.0,51
444,444,2020-03-16,苏州,26.0,53.33333333333334,5.666666666666668,0.4000000000000002,28.66666666666667,102.33333333333331,70.0,1021.6666666666665,2.466666666666667,11.833333333333336,5.206666666666671,-2.1684043449710093e-19,0.0,0.0,0.0,52
445,445,2020-03-17,苏州,27.66666666666667,55.66666666666666,6.333333333333332,0.4333333333333335,37.333333333333336,116.0,60.33333333333334,1020.6666666666665,2.466666666666667,13.0,5.575233333333338,-2.1684043449710093e-19,0.0,0.0,0.0,53
446,446,2020-03-18,苏州,32.0,58.66666666666666,7.0,0.4666666666666669,44.66666666666666,124.0,54.66666666666666,1019.0,1.7,14.833333333333336,6.123333333333336,-2.1684043449710093e-19,0.0,0.0,0.0,54
447,447,2020-03-19,苏州,38.333333333333336,76.33333333333333,8.0,0.566666666666667,50.66666666666666,125.0,50.33333333333334,1015.6666666666665,1.7,16.666666666666668,6.169566666666669,-2.1684043449710093e-19,0.0,0.0,0.0,55
448,448,2020-03-20,苏州,35.0,78.0,8.333333333333334,0.5333333333333337,46.0,118.0,46.33333333333334,1014.6666666666665,1.1333333333333335,16.5,6.215033333333337,-2.1684043449710093e-19,0.0,0.0,0.0,56
449,449,2020-03-21,苏州,35.666666666666664,76.66666666666667,8.666666666666666,0.5666666666666669,43.33333333333334,113.66666666666669,51.66666666666666,1013.3333333333335,1.4000000000000004,16.833333333333332,5.979066666666671,-2.1684043449710093e-19,0.0,0.0,0.0,57
450,450,2020-03-22,苏州,35.0,65.0,7.666666666666668,0.5333333333333335,35.666666666666664,121.66666666666669,63.0,1012.0,2.466666666666667,17.333333333333332,5.5271666666666714,0.0009302329999999,1.0,0.6931471805599453,0.0009298006014164,58
451,451,2020-03-23,苏州,32.666666666666664,55.66666666666666,7.0,0.5333333333333335,35.666666666666664,109.0,67.0,1012.3333333333335,2.466666666666667,17.5,5.56856666666667,0.0009302329999999,1.0,0.6931471805599453,0.0009298006014164,59
452,452,2020-03-24,苏州,23.0,43.66666666666666,6.0,0.4333333333333335,30.0,100.0,63.33333333333334,1015.3333333333335,2.966666666666667,17.0,5.883600000000004,0.0009302329999999,1.0,0.6931471805599453,0.0009298006014164,60
508,508,2020-03-02,重庆,34.0,47.0,6.666666666666668,0.9333333333333332,29.0,63.0,86.0,984.3333333333335,0.3666666666666668,14.166666666666664,3.0835000000000012,-1.1384122811097795e-17,0.0,0.0,0.0,40
509,509,2020-03-03,重庆,31.33333333333333,43.0,6.333333333333332,0.7999999999999999,27.0,57.33333333333334,83.66666666666667,986.0,0.1000000000000002,14.333333333333336,3.1740000000000013,-1.1384122811097795e-17,0.0,0.0,0.0,41
510,510,2020-03-04,重庆,24.33333333333333,33.333333333333336,5.333333333333333,0.6,24.0,50.33333333333334,85.0,989.0,0.3666666666666668,13.0,3.3076000000000008,-1.1384122811097795e-17,0.0,0.0,0.0,42
511,511,2020-03-05,重庆,22.66666666666667,30.66666666666667,5.666666666666668,0.6333333333333333,25.66666666666667,44.33333333333334,88.66666666666669,991.0,0.6333333333333334,12.0,3.387066666666668,-1.1384122811097795e-17,0.0,0.0,0.0,43
512,512,2020-03-06,重庆,28.33333333333333,41.0,6.666666666666668,0.6666666666666665,30.0,49.33333333333334,82.33333333333333,989.3333333333335,1.4000000000000004,11.666666666666664,3.501933333333335,-1.1384122811097795e-17,0.0,0.0,0.0,44
513,513,2020-03-07,重庆,38.0,55.33333333333334,7.666666666666668,0.7666666666666665,32.666666666666664,66.33333333333333,77.33333333333333,986.3333333333335,1.1333333333333335,12.833333333333336,3.4825000000000013,-1.1384122811097795e-17,0.0,0.0,0.0,45
514,514,2020-03-08,重庆,44.0,63.66666666666666,7.666666666666668,0.833333333333333,35.0,65.66666666666667,69.0,981.6666666666665,1.1333333333333335,14.0,3.398266666666668,-1.1384122811097795e-17,0.0,0.0,0.0,46
515,515,2020-03-09,重庆,46.33333333333334,68.33333333333333,7.333333333333332,0.833333333333333,33.0,68.0,73.66666666666667,979.6666666666665,0.6333333333333336,14.5,3.460333333333335,-1.1384122811097795e-17,0.0,0.0,0.0,47
516,516,2020-03-10,重庆,40.333333333333336,66.66666666666667,7.0,0.7333333333333331,33.333333333333336,65.0,70.0,982.0,1.4000000000000004,14.5,3.6498000000000013,-1.1384122811097795e-17,0.0,0.0,0.0,48
517,517,2020-03-11,重庆,38.66666666666666,69.33333333333333,7.333333333333332,0.6666666666666665,34.333333333333336,64.0,64.66666666666667,985.6666666666665,1.4000000000000004,14.5,3.854900000000001,-1.1384122811097795e-17,0.0,0.0,0.0,49
518,518,2020-03-12,重庆,36.333333333333336,66.66666666666667,7.333333333333332,0.6666666666666664,37.66666666666666,63.0,62.33333333333334,987.6666666666665,1.9000000000000004,14.0,3.923133333333335,-1.1384122811097795e-17,0.0,0.0,0.0,50
519,519,2020-03-13,重庆,44.33333333333334,72.66666666666667,8.333333333333334,0.7999999999999997,42.333333333333336,50.33333333333334,66.0,986.3333333333335,1.4000000000000004,14.333333333333336,3.971966666666668,-1.1384122811097795e-17,0.0,0.0,0.0,51
520,520,2020-03-14,重庆,43.0,67.66666666666667,8.0,0.7999999999999995,41.66666666666666,52.33333333333334,76.0,988.3333333333335,1.1333333333333335,14.166666666666664,3.926566666666668,-1.1384122811097795e-17,0.0,0.0,0.0,52
521,521,2020-03-15,重庆,48.33333333333334,74.33333333333333,8.666666666666666,0.8666666666666663,43.0,43.0,78.66666666666667,990.6666666666665,0.6333333333333336,15.166666666666664,3.808833333333335,-1.1384122811097795e-17,0.0,0.0,0.0,53
522,522,2020-03-16,重庆,51.33333333333334,77.66666666666667,8.333333333333334,0.8333333333333329,40.66666666666666,37.0,78.66666666666667,990.6666666666665,1.1333333333333335,15.166666666666664,3.8850666666666682,-1.1384122811097795e-17,0.0,0.0,0.0,54
523,523,2020-03-17,重庆,52.33333333333334,79.0,8.333333333333334,0.7999999999999995,40.333333333333336,44.0,82.0,990.0,1.9000000000000004,15.0,4.078333333333334,-1.1384122811097795e-17,0.0,0.0,0.0,55
524,524,2020-03-18,重庆,46.0,72.0,8.0,0.733333333333333,41.333333333333336,64.33333333333333,79.33333333333333,989.6666666666665,1.9000000000000004,14.833333333333336,4.3283000000000005,-1.1384122811097795e-17,0.0,0.0,0.0,56
525,525,2020-03-19,重庆,37.0,64.33333333333333,8.666666666666666,0.6999999999999997,46.33333333333334,99.66666666666669,74.0,989.3333333333335,1.4000000000000004,15.666666666666664,4.379366666666667,-1.1384122811097795e-17,0.0,0.0,0.0,57
526,526,2020-03-20,重庆,38.333333333333336,71.0,10.0,0.7999999999999997,53.66666666666666,121.0,64.0,986.0,0.9000000000000005,17.333333333333332,4.4491000000000005,-1.1384122811097795e-17,0.0,0.0,0.0,58
527,527,2020-03-21,重庆,43.33333333333334,78.33333333333333,11.666666666666664,0.833333333333333,53.0,141.0,56.66666666666666,980.3333333333335,1.4000000000000004,19.666666666666668,4.357966666666669,-1.1384122811097795e-17,0.0,0.0,0.0,59
528,528,2020-03-22,重庆,43.0,75.33333333333333,11.333333333333336,0.7999999999999998,46.0,141.66666666666666,56.33333333333334,978.3333333333335,1.9000000000000004,21.66666666666667,4.206900000000001,0.0003200699999999,1.0,0.6931471805599453,0.0003200187885246,60
529,529,2020-03-23,重庆,41.66666666666666,71.33333333333333,11.0,0.7999999999999998,41.333333333333336,136.66666666666666,55.0,978.3333333333335,1.9000000000000004,22.33333333333333,4.228700000000001,0.0003200699999999,1.0,0.6931471805599453,0.0003200187885246,61
530,530,2020-03-24,重庆,36.333333333333336,61.33333333333334,9.666666666666666,0.7999999999999998,38.66666666666666,124.33333333333331,57.33333333333334,981.0,1.4000000000000004,22.5,4.382900000000002,0.0006401399999999,2.0,1.0986122886681098,0.0006399351977869,62
